"Notes","State","State Code","Year","Year Code","Single Race 6","Single Race 6 Code",Deaths,Population,Crude Rate
,"Alabama","01","2018","2018","Black or African American","2054-5",17,1310802,Unreliable
,"Alabama","01","2018","2018","White","2106-3",33,3379955,1.0
,"Alabama","01","2019","2019","Black or African American","2054-5",28,1313291,2.1
,"Alabama","01","2019","2019","White","2106-3",36,3389396,1.1
,"Alabama","01","2020","2020","Black or African American","2054-5",22,1319751,1.7
,"Alabama","01","2020","2020","White","2106-3",12,3396053,Unreliable
,"Alabama","01","2021","2021","Black or African American","2054-5",21,1353084,1.6
,"Alabama","01","2021","2021","White","2106-3",30,3472742,0.9
,"Alabama","01","2022","2022","Black or African American","2054-5",16,1358620,Unreliable
,"Alabama","01","2022","2022","White","2106-3",Suppressed,3494189,Suppressed
,"Alabama","01","2023 ","2023","Black or African American","2054-5",16,1360275,Unreliable
,"Alabama","01","2023 ","2023","White","2106-3",10,3519476,Unreliable
,"Alaska","02","2018","2018","Black or African American","2054-5",0,27942,Unreliable
,"Alaska","02","2018","2018","White","2106-3",Suppressed,481879,Suppressed
,"Alaska","02","2019","2019","Black or African American","2054-5",Suppressed,27108,Suppressed
,"Alaska","02","2019","2019","White","2106-3",Suppressed,477488,Suppressed
,"Alaska","02","2020","2020","Black or African American","2054-5",0,26657,Unreliable
,"Alaska","02","2020","2020","White","2106-3",0,473485,Unreliable
,"Alaska","02","2021","2021","Black or African American","2054-5",0,26689,Unreliable
,"Alaska","02","2021","2021","White","2106-3",Suppressed,472939,Suppressed
,"Alaska","02","2022","2022","Black or African American","2054-5",0,26837,Unreliable
,"Alaska","02","2022","2022","White","2106-3",Suppressed,470101,Suppressed
,"Alaska","02","2023 ","2023","Black or African American","2054-5",Suppressed,26911,Suppressed
,"Alaska","02","2023 ","2023","White","2106-3",Suppressed,470497,Suppressed
,"Arizona","04","2018","2018","Black or African American","2054-5",Suppressed,364280,Suppressed
,"Arizona","04","2018","2018","White","2106-3",32,5937806,0.5
,"Arizona","04","2019","2019","Black or African American","2054-5",11,376997,Unreliable
,"Arizona","04","2019","2019","White","2106-3",28,6013442,0.5
,"Arizona","04","2020","2020","Black or African American","2054-5",Suppressed,395074,Suppressed
,"Arizona","04","2020","2020","White","2106-3",26,6105819,0.4
,"Arizona","04","2021","2021","Black or African American","2054-5",Suppressed,395177,Suppressed
,"Arizona","04","2021","2021","White","2106-3",23,5969037,0.4
,"Arizona","04","2022","2022","Black or African American","2054-5",Suppressed,407994,Suppressed
,"Arizona","04","2022","2022","White","2106-3",20,6024591,0.3
,"Arizona","04","2023 ","2023","Black or African American","2054-5",Suppressed,422598,Suppressed
,"Arizona","04","2023 ","2023","White","2106-3",18,6056359,Unreliable
,"Arkansas","05","2018","2018","Black or African American","2054-5",10,472287,Unreliable
,"Arkansas","05","2018","2018","White","2106-3",16,2385213,Unreliable
,"Arkansas","05","2019","2019","Black or African American","2054-5",Suppressed,473048,Suppressed
,"Arkansas","05","2019","2019","White","2106-3",15,2385258,Unreliable
,"Arkansas","05","2020","2020","Black or African American","2054-5",13,475874,Unreliable
,"Arkansas","05","2020","2020","White","2106-3",Suppressed,2388414,Suppressed
,"Arkansas","05","2021","2021","Black or African American","2054-5",Suppressed,475018,Suppressed
,"Arkansas","05","2021","2021","White","2106-3",21,2379596,0.9
,"Arkansas","05","2022","2022","Black or African American","2054-5",Suppressed,476278,Suppressed
,"Arkansas","05","2022","2022","White","2106-3",10,2391860,Unreliable
,"Arkansas","05","2023 ","2023","Black or African American","2054-5",10,478247,Unreliable
,"Arkansas","05","2023 ","2023","White","2106-3",Suppressed,2405736,Suppressed
,"California","06","2018","2018","Black or African American","2054-5",16,2556000,Unreliable
,"California","06","2018","2018","White","2106-3",86,28531740,0.3
,"California","06","2019","2019","Black or African American","2054-5",15,2552757,Unreliable
,"California","06","2019","2019","White","2106-3",70,28424739,0.2
,"California","06","2020","2020","Black or African American","2054-5",17,2555258,Unreliable
,"California","06","2020","2020","White","2106-3",57,28073011,0.2
,"California","06","2021","2021","Black or African American","2054-5",19,2548114,Unreliable
,"California","06","2021","2021","White","2106-3",76,27902177,0.3
,"California","06","2022","2022","Black or African American","2054-5",13,2531957,Unreliable
,"California","06","2022","2022","White","2106-3",40,27607325,0.1
,"California","06","2023 ","2023","Black or African American","2054-5",15,2528093,Unreliable
,"California","06","2023 ","2023","White","2106-3",39,27427713,0.1
,"Colorado","08","2018","2018","Black or African American","2054-5",Suppressed,259711,Suppressed
,"Colorado","08","2018","2018","White","2106-3",20,4959310,0.4
,"Colorado","08","2019","2019","Black or African American","2054-5",0,264479,Unreliable
,"Colorado","08","2019","2019","White","2106-3",22,5006612,0.4
,"Colorado","08","2020","2020","Black or African American","2054-5",Suppressed,269041,Suppressed
,"Colorado","08","2020","2020","White","2106-3",12,5033960,Unreliable
,"Colorado","08","2021","2021","Black or African American","2054-5",Suppressed,271768,Suppressed
,"Colorado","08","2021","2021","White","2106-3",12,5027045,Unreliable
,"Colorado","08","2022","2022","Black or African American","2054-5",Suppressed,276966,Suppressed
,"Colorado","08","2022","2022","White","2106-3",19,5032844,Unreliable
,"Colorado","08","2023 ","2023","Black or African American","2054-5",Suppressed,282708,Suppressed
,"Colorado","08","2023 ","2023","White","2106-3",11,5051985,Unreliable
,"Connecticut","09","2018","2018","Black or African American","2054-5",Suppressed,429298,Suppressed
,"Connecticut","09","2018","2018","White","2106-3",10,2859280,Unreliable
,"Connecticut","09","2019","2019","Black or African American","2054-5",Suppressed,434585,Suppressed
,"Connecticut","09","2019","2019","White","2106-3",Suppressed,2841541,Suppressed
,"Connecticut","09","2020","2020","Black or African American","2054-5",Suppressed,444545,Suppressed
,"Connecticut","09","2020","2020","White","2106-3",Suppressed,2815645,Suppressed
,"Connecticut","09","2021","2021","Black or African American","2054-5",Suppressed,457331,Suppressed
,"Connecticut","09","2021","2021","White","2106-3",Suppressed,2842528,Suppressed
,"Connecticut","09","2022","2022","Black or African American","2054-5",Suppressed,467161,Suppressed
,"Connecticut","09","2022","2022","White","2106-3",11,2841487,Unreliable
,"Connecticut","09","2023 ","2023","Black or African American","2054-5",Suppressed,473626,Suppressed
,"Connecticut","09","2023 ","2023","White","2106-3",Suppressed,2821846,Suppressed
,"Delaware","10","2018","2018","Black or African American","2054-5",Suppressed,222070,Suppressed
,"Delaware","10","2018","2018","White","2106-3",Suppressed,672019,Suppressed
,"Delaware","10","2019","2019","Black or African American","2054-5",Suppressed,225544,Suppressed
,"Delaware","10","2019","2019","White","2106-3",Suppressed,674075,Suppressed
,"Delaware","10","2020","2020","Black or African American","2054-5",Suppressed,230739,Suppressed
,"Delaware","10","2020","2020","White","2106-3",0,677898,Unreliable
,"Delaware","10","2021","2021","Black or African American","2054-5",Suppressed,236621,Suppressed
,"Delaware","10","2021","2021","White","2106-3",Suppressed,686599,Suppressed
,"Delaware","10","2022","2022","Black or African American","2054-5",0,242210,Unreliable
,"Delaware","10","2022","2022","White","2106-3",Suppressed,692506,Suppressed
,"Delaware","10","2023 ","2023","Black or African American","2054-5",0,248434,Unreliable
,"Delaware","10","2023 ","2023","White","2106-3",Suppressed,697094,Suppressed
,"District of Columbia","11","2018","2018","Black or African American","2054-5",Suppressed,326181,Suppressed
,"District of Columbia","11","2018","2018","White","2106-3",0,320374,Unreliable
,"District of Columbia","11","2019","2019","Black or African American","2054-5",Suppressed,324484,Suppressed
,"District of Columbia","11","2019","2019","White","2106-3",Suppressed,324581,Suppressed
,"District of Columbia","11","2020","2020","Black or African American","2054-5",Suppressed,324186,Suppressed
,"District of Columbia","11","2020","2020","White","2106-3",Suppressed,329706,Suppressed
,"District of Columbia","11","2021","2021","Black or African American","2054-5",Suppressed,306925,Suppressed
,"District of Columbia","11","2021","2021","White","2106-3",Suppressed,307274,Suppressed
,"District of Columbia","11","2022","2022","Black or African American","2054-5",Suppressed,302568,Suppressed
,"District of Columbia","11","2022","2022","White","2106-3",Suppressed,310692,Suppressed
,"District of Columbia","11","2023 ","2023","Black or African American","2054-5",Suppressed,301204,Suppressed
,"District of Columbia","11","2023 ","2023","White","2106-3",Suppressed,316428,Suppressed
,"Florida","12","2018","2018","Black or African American","2054-5",25,3600121,0.7
,"Florida","12","2018","2018","White","2106-3",68,16472125,0.4
,"Florida","12","2019","2019","Black or African American","2054-5",39,3633515,1.1
,"Florida","12","2019","2019","White","2106-3",72,16597392,0.4
,"Florida","12","2020","2020","Black or African American","2054-5",32,3692972,0.9
,"Florida","12","2020","2020","White","2106-3",28,16750159,0.2
,"Florida","12","2021","2021","Black or African American","2054-5",58,3710894,1.6
,"Florida","12","2021","2021","White","2106-3",49,16749416,0.3
,"Florida","12","2022","2022","Black or African American","2054-5",20,3773336,0.5
,"Florida","12","2022","2022","White","2106-3",34,17084651,0.2
,"Florida","12","2023 ","2023","Black or African American","2054-5",29,3829414,0.8
,"Florida","12","2023 ","2023","White","2106-3",31,17333331,0.2
,"Georgia","13","2018","2018","Black or African American","2054-5",56,3411145,1.6
,"Georgia","13","2018","2018","White","2106-3",52,6360528,0.8
,"Georgia","13","2019","2019","Black or African American","2054-5",62,3458147,1.8
,"Georgia","13","2019","2019","White","2106-3",34,6391505,0.5
,"Georgia","13","2020","2020","Black or African American","2054-5",28,3510241,0.8
,"Georgia","13","2020","2020","White","2106-3",21,6399954,0.3
,"Georgia","13","2021","2021","Black or African American","2054-5",57,3558724,1.6
,"Georgia","13","2021","2021","White","2106-3",36,6418207,0.6
,"Georgia","13","2022","2022","Black or African American","2054-5",31,3613543,0.9
,"Georgia","13","2022","2022","White","2106-3",27,6436683,0.4
,"Georgia","13","2023 ","2023","Black or African American","2054-5",39,3661752,1.1
,"Georgia","13","2023 ","2023","White","2106-3",18,6473549,Unreliable
,"Hawaii","15","2018","2018","Black or African American","2054-5",0,31138,Unreliable
,"Hawaii","15","2018","2018","White","2106-3",0,363549,Unreliable
,"Hawaii","15","2019","2019","Black or African American","2054-5",0,30958,Unreliable
,"Hawaii","15","2019","2019","White","2106-3",0,361317,Unreliable
,"Hawaii","15","2020","2020","Black or African American","2054-5",0,30537,Unreliable
,"Hawaii","15","2020","2020","White","2106-3",Suppressed,355055,Suppressed
,"Hawaii","15","2021","2021","Black or African American","2054-5",0,31000,Unreliable
,"Hawaii","15","2021","2021","White","2106-3",0,364116,Unreliable
,"Hawaii","15","2022","2022","Black or African American","2054-5",0,31516,Unreliable
,"Hawaii","15","2022","2022","White","2106-3",0,363260,Unreliable
,"Hawaii","15","2023 ","2023","Black or African American","2054-5",0,31398,Unreliable
,"Hawaii","15","2023 ","2023","White","2106-3",Suppressed,361515,Suppressed
,"Idaho","16","2018","2018","Black or African American","2054-5",0,15775,Unreliable
,"Idaho","16","2018","2018","White","2106-3",Suppressed,1632188,Suppressed
,"Idaho","16","2019","2019","Black or African American","2054-5",0,16346,Unreliable
,"Idaho","16","2019","2019","White","2106-3",Suppressed,1662365,Suppressed
,"Idaho","16","2020","2020","Black or African American","2054-5",0,16771,Unreliable
,"Idaho","16","2020","2020","White","2106-3",Suppressed,1697299,Suppressed
,"Idaho","16","2021","2021","Black or African American","2054-5",Suppressed,17786,Suppressed
,"Idaho","16","2021","2021","White","2106-3",Suppressed,1764099,Suppressed
,"Idaho","16","2022","2022","Black or African American","2054-5",0,18882,Unreliable
,"Idaho","16","2022","2022","White","2106-3",Suppressed,1795997,Suppressed
,"Idaho","16","2023 ","2023","Black or African American","2054-5",Suppressed,19766,Suppressed
,"Idaho","16","2023 ","2023","White","2106-3",Suppressed,1816589,Suppressed
,"Illinois","17","2018","2018","Black or African American","2054-5",Suppressed,1860190,Suppressed
,"Illinois","17","2018","2018","White","2106-3",27,9791840,0.3
,"Illinois","17","2019","2019","Black or African American","2054-5",Suppressed,1852516,Suppressed
,"Illinois","17","2019","2019","White","2106-3",29,9726915,0.3
,"Illinois","17","2020","2020","Black or African American","2054-5",13,1852475,Unreliable
,"Illinois","17","2020","2020","White","2106-3",23,9620497,0.2
,"Illinois","17","2021","2021","Black or African American","2054-5",18,1866607,Unreliable
,"Illinois","17","2021","2021","White","2106-3",30,9668380,0.3
,"Illinois","17","2022","2022","Black or African American","2054-5",20,1851472,1.1
,"Illinois","17","2022","2022","White","2106-3",17,9572606,Unreliable
,"Illinois","17","2023 ","2023","Black or African American","2054-5",11,1836105,Unreliable
,"Illinois","17","2023 ","2023","White","2106-3",22,9540695,0.2
,"Indiana","18","2018","2018","Black or African American","2054-5",Suppressed,658729,Suppressed
,"Indiana","18","2018","2018","White","2106-3",39,5694468,0.7
,"Indiana","18","2019","2019","Black or African American","2054-5",Suppressed,669596,Suppressed
,"Indiana","18","2019","2019","White","2106-3",43,5709592,0.8
,"Indiana","18","2020","2020","Black or African American","2054-5",Suppressed,681501,Suppressed
,"Indiana","18","2020","2020","White","2106-3",25,5707819,0.4
,"Indiana","18","2021","2021","Black or African American","2054-5",Suppressed,695117,Suppressed
,"Indiana","18","2021","2021","White","2106-3",31,5732894,0.5
,"Indiana","18","2022","2022","Black or African American","2054-5",Suppressed,704235,Suppressed
,"Indiana","18","2022","2022","White","2106-3",23,5736944,0.4
,"Indiana","18","2023 ","2023","Black or African American","2054-5",Suppressed,715156,Suppressed
,"Indiana","18","2023 ","2023","White","2106-3",22,5743468,0.4
,"Iowa","19","2018","2018","Black or African American","2054-5",0,124819,Unreliable
,"Iowa","19","2018","2018","White","2106-3",10,2864126,Unreliable
,"Iowa","19","2019","2019","Black or African American","2054-5",0,128105,Unreliable
,"Iowa","19","2019","2019","White","2106-3",11,2859080,Unreliable
,"Iowa","19","2020","2020","Black or African American","2054-5",Suppressed,132706,Suppressed
,"Iowa","19","2020","2020","White","2106-3",Suppressed,2855523,Suppressed
,"Iowa","19","2021","2021","Black or African American","2054-5",Suppressed,137863,Suppressed
,"Iowa","19","2021","2021","White","2106-3",16,2875490,Unreliable
,"Iowa","19","2022","2022","Black or African American","2054-5",Suppressed,141178,Suppressed
,"Iowa","19","2022","2022","White","2106-3",Suppressed,2874863,Suppressed
,"Iowa","19","2023 ","2023","Black or African American","2054-5",Suppressed,144668,Suppressed
,"Iowa","19","2023 ","2023","White","2106-3",Suppressed,2874673,Suppressed
,"Kansas","20","2018","2018","Black or African American","2054-5",Suppressed,178618,Suppressed
,"Kansas","20","2018","2018","White","2106-3",14,2515351,Unreliable
,"Kansas","20","2019","2019","Black or African American","2054-5",Suppressed,178725,Suppressed
,"Kansas","20","2019","2019","White","2106-3",12,2513846,Unreliable
,"Kansas","20","2020","2020","Black or African American","2054-5",Suppressed,179638,Suppressed
,"Kansas","20","2020","2020","White","2106-3",Suppressed,2508194,Suppressed
,"Kansas","20","2021","2021","Black or African American","2054-5",Suppressed,181676,Suppressed
,"Kansas","20","2021","2021","White","2106-3",Suppressed,2522698,Suppressed
,"Kansas","20","2022","2022","Black or African American","2054-5",Suppressed,182656,Suppressed
,"Kansas","20","2022","2022","White","2106-3",Suppressed,2521658,Suppressed
,"Kansas","20","2023 ","2023","Black or African American","2054-5",0,182372,Unreliable
,"Kansas","20","2023 ","2023","White","2106-3",Suppressed,2524491,Suppressed
,"Kentucky","21","2018","2018","Black or African American","2054-5",Suppressed,375972,Suppressed
,"Kentucky","21","2018","2018","White","2106-3",38,3913936,1.0
,"Kentucky","21","2019","2019","Black or African American","2054-5",Suppressed,378479,Suppressed
,"Kentucky","21","2019","2019","White","2106-3",30,3909923,0.8
,"Kentucky","21","2020","2020","Black or African American","2054-5",Suppressed,382113,Suppressed
,"Kentucky","21","2020","2020","White","2106-3",23,3907588,0.6
,"Kentucky","21","2021","2021","Black or African American","2054-5",Suppressed,389241,Suppressed
,"Kentucky","21","2021","2021","White","2106-3",20,3926400,0.5
,"Kentucky","21","2022","2022","Black or African American","2054-5",Suppressed,391006,Suppressed
,"Kentucky","21","2022","2022","White","2106-3",11,3920114,Unreliable
,"Kentucky","21","2023 ","2023","Black or African American","2054-5",Suppressed,396045,Suppressed
,"Kentucky","21","2023 ","2023","White","2106-3",20,3922637,0.5
,"Louisiana","22","2018","2018","Black or African American","2054-5",23,1526090,1.5
,"Louisiana","22","2018","2018","White","2106-3",11,2930432,Unreliable
,"Louisiana","22","2019","2019","Black or African American","2054-5",21,1524733,1.4
,"Louisiana","22","2019","2019","White","2106-3",25,2918843,0.9
,"Louisiana","22","2020","2020","Black or African American","2054-5",25,1528900,1.6
,"Louisiana","22","2020","2020","White","2106-3",14,2906906,Unreliable
,"Louisiana","22","2021","2021","Black or African American","2054-5",26,1524944,1.7
,"Louisiana","22","2021","2021","White","2106-3",18,2886564,Unreliable
,"Louisiana","22","2022","2022","Black or African American","2054-5",14,1504750,Unreliable
,"Louisiana","22","2022","2022","White","2106-3",Suppressed,2868945,Suppressed
,"Louisiana","22","2023 ","2023","Black or African American","2054-5",18,1491010,Unreliable
,"Louisiana","22","2023 ","2023","White","2106-3",Suppressed,2860981,Suppressed
,"Maine","23","2018","2018","Black or African American","2054-5",0,21877,Unreliable
,"Maine","23","2018","2018","White","2106-3",Suppressed,1265648,Suppressed
,"Maine","23","2019","2019","Black or African American","2054-5",Suppressed,22691,Suppressed
,"Maine","23","2019","2019","White","2106-3",Suppressed,1269326,Suppressed
,"Maine","23","2020","2020","Black or African American","2054-5",0,23786,Unreliable
,"Maine","23","2020","2020","White","2106-3",Suppressed,1273121,Suppressed
,"Maine","23","2021","2021","Black or African American","2054-5",Suppressed,24915,Suppressed
,"Maine","23","2021","2021","White","2106-3",Suppressed,1292011,Suppressed
,"Maine","23","2022","2022","Black or African American","2054-5",0,27405,Unreliable
,"Maine","23","2022","2022","White","2106-3",Suppressed,1301207,Suppressed
,"Maine","23","2023 ","2023","Black or African American","2054-5",0,29857,Unreliable
,"Maine","23","2023 ","2023","White","2106-3",Suppressed,1307850,Suppressed
,"Maryland","24","2018","2018","Black or African American","2054-5",13,1867592,Unreliable
,"Maryland","24","2018","2018","White","2106-3",11,3552355,Unreliable
,"Maryland","24","2019","2019","Black or African American","2054-5",14,1878645,Unreliable
,"Maryland","24","2019","2019","White","2106-3",14,3539444,Unreliable
,"Maryland","24","2020","2020","Black or African American","2054-5",11,1894597,Unreliable
,"Maryland","24","2020","2020","White","2106-3",10,3515375,Unreliable
,"Maryland","24","2021","2021","Black or African American","2054-5",13,1937665,Unreliable
,"Maryland","24","2021","2021","White","2106-3",13,3560883,Unreliable
,"Maryland","24","2022","2022","Black or African American","2054-5",15,1951658,Unreliable
,"Maryland","24","2022","2022","White","2106-3",10,3530719,Unreliable
,"Maryland","24","2023 ","2023","Black or African American","2054-5",Suppressed,1950664,Suppressed
,"Maryland","24","2023 ","2023","White","2106-3",Suppressed,3534025,Suppressed
,"Massachusetts","25","2018","2018","Black or African American","2054-5",Suppressed,617097,Suppressed
,"Massachusetts","25","2018","2018","White","2106-3",20,5577194,0.4
,"Massachusetts","25","2019","2019","Black or African American","2054-5",Suppressed,621902,Suppressed
,"Massachusetts","25","2019","2019","White","2106-3",15,5554165,Unreliable
,"Massachusetts","25","2020","2020","Black or African American","2054-5",Suppressed,634206,Suppressed
,"Massachusetts","25","2020","2020","White","2106-3",15,5522830,Unreliable
,"Massachusetts","25","2021","2021","Black or African American","2054-5",Suppressed,650915,Suppressed
,"Massachusetts","25","2021","2021","White","2106-3",11,5576809,Unreliable
,"Massachusetts","25","2022","2022","Black or African American","2054-5",Suppressed,660810,Suppressed
,"Massachusetts","25","2022","2022","White","2106-3",12,5546349,Unreliable
,"Massachusetts","25","2023 ","2023","Black or African American","2054-5",Suppressed,675303,Suppressed
,"Massachusetts","25","2023 ","2023","White","2106-3",Suppressed,5530361,Suppressed
,"Michigan","26","2018","2018","Black or African American","2054-5",12,1408392,Unreliable
,"Michigan","26","2018","2018","White","2106-3",40,7923927,0.5
,"Michigan","26","2019","2019","Black or African American","2054-5",19,1407890,Unreliable
,"Michigan","26","2019","2019","White","2106-3",33,7911567,0.4
,"Michigan","26","2020","2020","Black or African American","2054-5",13,1405195,Unreliable
,"Michigan","26","2020","2020","White","2106-3",24,7881327,0.3
,"Michigan","26","2021","2021","Black or African American","2054-5",12,1419656,Unreliable
,"Michigan","26","2021","2021","White","2106-3",20,7935511,0.3
,"Michigan","26","2022","2022","Black or African American","2054-5",16,1418343,Unreliable
,"Michigan","26","2022","2022","White","2106-3",18,7906333,Unreliable
,"Michigan","26","2023 ","2023","Black or African American","2054-5",Suppressed,1416157,Suppressed
,"Michigan","26","2023 ","2023","White","2106-3",16,7898677,Unreliable
,"Minnesota","27","2018","2018","Black or African American","2054-5",Suppressed,380414,Suppressed
,"Minnesota","27","2018","2018","White","2106-3",15,4718176,Unreliable
,"Minnesota","27","2019","2019","Black or African American","2054-5",Suppressed,395556,Suppressed
,"Minnesota","27","2019","2019","White","2106-3",12,4723931,Unreliable
,"Minnesota","27","2020","2020","Black or African American","2054-5",Suppressed,409573,Suppressed
,"Minnesota","27","2020","2020","White","2106-3",Suppressed,4711873,Suppressed
,"Minnesota","27","2021","2021","Black or African American","2054-5",0,423656,Unreliable
,"Minnesota","27","2021","2021","White","2106-3",15,4735626,Unreliable
,"Minnesota","27","2022","2022","Black or African American","2054-5",Suppressed,437333,Suppressed
,"Minnesota","27","2022","2022","White","2106-3",Suppressed,4722046,Suppressed
,"Minnesota","27","2023 ","2023","Black or African American","2054-5",Suppressed,450487,Suppressed
,"Minnesota","27","2023 ","2023","White","2106-3",Suppressed,4719651,Suppressed
,"Mississippi","28","2018","2018","Black or African American","2054-5",19,1128912,Unreliable
,"Mississippi","28","2018","2018","White","2106-3",15,1766301,Unreliable
,"Mississippi","28","2019","2019","Black or African American","2054-5",20,1124559,1.8
,"Mississippi","28","2019","2019","White","2106-3",Suppressed,1758081,Suppressed
,"Mississippi","28","2020","2020","Black or African American","2054-5",11,1123913,Unreliable
,"Mississippi","28","2020","2020","White","2106-3",Suppressed,1748392,Suppressed
,"Mississippi","28","2021","2021","Black or African American","2054-5",23,1119623,2.1
,"Mississippi","28","2021","2021","White","2106-3",15,1733991,Unreliable
,"Mississippi","28","2022","2022","Black or African American","2054-5",12,1110533,Unreliable
,"Mississippi","28","2022","2022","White","2106-3",Suppressed,1729691,Suppressed
,"Mississippi","28","2023 ","2023","Black or African American","2054-5",13,1111684,Unreliable
,"Mississippi","28","2023 ","2023","White","2106-3",Suppressed,1726482,Suppressed
,"Missouri","29","2018","2018","Black or African American","2054-5",26,724529,3.6
,"Missouri","29","2018","2018","White","2106-3",41,5082571,0.8
,"Missouri","29","2019","2019","Black or African American","2054-5",14,725579,Unreliable
,"Missouri","29","2019","2019","White","2106-3",25,5086188,0.5
,"Missouri","29","2020","2020","Black or African American","2054-5",11,725295,Unreliable
,"Missouri","29","2020","2020","White","2106-3",28,5089565,0.6
,"Missouri","29","2021","2021","Black or African American","2054-5",Suppressed,727065,Suppressed
,"Missouri","29","2021","2021","White","2106-3",27,5095927,0.5
,"Missouri","29","2022","2022","Black or African American","2054-5",Suppressed,725317,Suppressed
,"Missouri","29","2022","2022","White","2106-3",14,5095625,Unreliable
,"Missouri","29","2023 ","2023","Black or African American","2054-5",12,725454,Unreliable
,"Missouri","29","2023 ","2023","White","2106-3",13,5104983,Unreliable
,"Montana","30","2018","2018","Black or African American","2054-5",Suppressed,6237,Suppressed
,"Montana","30","2018","2018","White","2106-3",Suppressed,945132,Suppressed
,"Montana","30","2019","2019","Black or African American","2054-5",0,6389,Unreliable
,"Montana","30","2019","2019","White","2106-3",Suppressed,950211,Suppressed
,"Montana","30","2020","2020","Black or African American","2054-5",0,6527,Unreliable
,"Montana","30","2020","2020","White","2106-3",Suppressed,959778,Suppressed
,"Montana","30","2021","2021","Black or African American","2054-5",0,6894,Unreliable
,"Montana","30","2021","2021","White","2106-3",Suppressed,980015,Suppressed
,"Montana","30","2022","2022","Black or African American","2054-5",0,6993,Unreliable
,"Montana","30","2022","2022","White","2106-3",Suppressed,996179,Suppressed
,"Montana","30","2023 ","2023","Black or African American","2054-5",0,7270,Unreliable
,"Montana","30","2023 ","2023","White","2106-3",Suppressed,1004899,Suppressed
,"Nebraska","31","2018","2018","Black or African American","2054-5",Suppressed,98757,Suppressed
,"Nebraska","31","2018","2018","White","2106-3",Suppressed,1703446,Suppressed
,"Nebraska","31","2019","2019","Black or African American","2054-5",0,100763,Unreliable
,"Nebraska","31","2019","2019","White","2106-3",11,1704129,Unreliable
,"Nebraska","31","2020","2020","Black or African American","2054-5",Suppressed,102414,Suppressed
,"Nebraska","31","2020","2020","White","2106-3",Suppressed,1701816,Suppressed
,"Nebraska","31","2021","2021","Black or African American","2054-5",Suppressed,104653,Suppressed
,"Nebraska","31","2021","2021","White","2106-3",Suppressed,1721884,Suppressed
,"Nebraska","31","2022","2022","Black or African American","2054-5",Suppressed,105601,Suppressed
,"Nebraska","31","2022","2022","White","2106-3",Suppressed,1721883,Suppressed
,"Nebraska","31","2023 ","2023","Black or African American","2054-5",Suppressed,108042,Suppressed
,"Nebraska","31","2023 ","2023","White","2106-3",Suppressed,1726189,Suppressed
,"Nevada","32","2018","2018","Black or African American","2054-5",Suppressed,305848,Suppressed
,"Nevada","32","2018","2018","White","2106-3",Suppressed,2253711,Suppressed
,"Nevada","32","2019","2019","Black or African American","2054-5",Suppressed,316303,Suppressed
,"Nevada","32","2019","2019","White","2106-3",Suppressed,2277552,Suppressed
,"Nevada","32","2020","2020","Black or African American","2054-5",Suppressed,328551,Suppressed
,"Nevada","32","2020","2020","White","2106-3",Suppressed,2296904,Suppressed
,"Nevada","32","2021","2021","Black or African American","2054-5",Suppressed,334455,Suppressed
,"Nevada","32","2021","2021","White","2106-3",Suppressed,2287445,Suppressed
,"Nevada","32","2022","2022","Black or African American","2054-5",Suppressed,344357,Suppressed
,"Nevada","32","2022","2022","White","2106-3",Suppressed,2290214,Suppressed
,"Nevada","32","2023 ","2023","Black or African American","2054-5",Suppressed,351346,Suppressed
,"Nevada","32","2023 ","2023","White","2106-3",Suppressed,2283527,Suppressed
,"New Hampshire","33","2018","2018","Black or African American","2054-5",0,23293,Unreliable
,"New Hampshire","33","2018","2018","White","2106-3",Suppressed,1264217,Suppressed
,"New Hampshire","33","2019","2019","Black or African American","2054-5",0,24371,Unreliable
,"New Hampshire","33","2019","2019","White","2106-3",Suppressed,1266097,Suppressed
,"New Hampshire","33","2020","2020","Black or African American","2054-5",0,25564,Unreliable
,"New Hampshire","33","2020","2020","White","2106-3",Suppressed,1269425,Suppressed
,"New Hampshire","33","2021","2021","Black or African American","2054-5",0,26779,Unreliable
,"New Hampshire","33","2021","2021","White","2106-3",Suppressed,1288649,Suppressed
,"New Hampshire","33","2022","2022","Black or African American","2054-5",Suppressed,27993,Suppressed
,"New Hampshire","33","2022","2022","White","2106-3",Suppressed,1291413,Suppressed
,"New Hampshire","33","2023 ","2023","Black or African American","2054-5",0,28784,Unreliable
,"New Hampshire","33","2023 ","2023","White","2106-3",Suppressed,1297231,Suppressed
,"New Jersey","34","2018","2018","Black or African American","2054-5",18,1337754,Unreliable
,"New Jersey","34","2018","2018","White","2106-3",31,6416347,0.5
,"New Jersey","34","2019","2019","Black or African American","2054-5",22,1337457,1.6
,"New Jersey","34","2019","2019","White","2106-3",26,6388804,0.4
,"New Jersey","34","2020","2020","Black or African American","2054-5",13,1352737,Unreliable
,"New Jersey","34","2020","2020","White","2106-3",20,6342691,0.3
,"New Jersey","34","2021","2021","Black or African American","2054-5",13,1419801,Unreliable
,"New Jersey","34","2021","2021","White","2106-3",28,6593546,0.4
,"New Jersey","34","2022","2022","Black or African American","2054-5",14,1429864,Unreliable
,"New Jersey","34","2022","2022","White","2106-3",24,6549769,0.4
,"New Jersey","34","2023 ","2023","Black or African American","2054-5",14,1442900,Unreliable
,"New Jersey","34","2023 ","2023","White","2106-3",10,6540982,Unreliable
,"New Mexico","35","2018","2018","Black or African American","2054-5",0,53576,Unreliable
,"New Mexico","35","2018","2018","White","2106-3",12,1718901,Unreliable
,"New Mexico","35","2019","2019","Black or African American","2054-5",0,54772,Unreliable
,"New Mexico","35","2019","2019","White","2106-3",Suppressed,1716656,Suppressed
,"New Mexico","35","2020","2020","Black or African American","2054-5",0,56543,Unreliable
,"New Mexico","35","2020","2020","White","2106-3",Suppressed,1716720,Suppressed
,"New Mexico","35","2021","2021","Black or African American","2054-5",0,57350,Unreliable
,"New Mexico","35","2021","2021","White","2106-3",14,1720615,Unreliable
,"New Mexico","35","2022","2022","Black or African American","2054-5",0,58095,Unreliable
,"New Mexico","35","2022","2022","White","2106-3",Suppressed,1714851,Suppressed
,"New Mexico","35","2023 ","2023","Black or African American","2054-5",0,60042,Unreliable
,"New Mexico","35","2023 ","2023","White","2106-3",Suppressed,1706885,Suppressed
,"New York","36","2018","2018","Black or African American","2054-5",35,3447729,1.0
,"New York","36","2018","2018","White","2106-3",54,13619931,0.4
,"New York","36","2019","2019","Black or African American","2054-5",44,3421123,1.3
,"New York","36","2019","2019","White","2106-3",71,13546776,0.5
,"New York","36","2020","2020","Black or African American","2054-5",28,3410644,0.8
,"New York","36","2020","2020","White","2106-3",39,13395980,0.3
,"New York","36","2021","2021","Black or African American","2054-5",36,3499231,1.0
,"New York","36","2021","2021","White","2106-3",44,13711327,0.3
,"New York","36","2022","2022","Black or African American","2054-5",30,3491532,0.9
,"New York","36","2022","2022","White","2106-3",42,13501459,0.3
,"New York","36","2023 ","2023","Black or African American","2054-5",27,3457457,0.8
,"New York","36","2023 ","2023","White","2106-3",28,13408792,0.2
,"North Carolina","37","2018","2018","Black or African American","2054-5",20,2306797,0.9
,"North Carolina","37","2018","2018","White","2106-3",34,7334411,0.5
,"North Carolina","37","2019","2019","Black or African American","2054-5",34,2330563,1.5
,"North Carolina","37","2019","2019","White","2106-3",37,7399487,0.5
,"North Carolina","37","2020","2020","Black or African American","2054-5",41,2357626,1.7
,"North Carolina","37","2020","2020","White","2106-3",25,7449248,0.3
,"North Carolina","37","2021","2021","Black or African American","2054-5",34,2349731,1.4
,"North Carolina","37","2021","2021","White","2106-3",46,7392234,0.6
,"North Carolina","37","2022","2022","Black or African American","2054-5",31,2373876,1.3
,"North Carolina","37","2022","2022","White","2106-3",34,7480293,0.5
,"North Carolina","37","2023 ","2023","Black or African American","2054-5",28,2392417,1.2
,"North Carolina","37","2023 ","2023","White","2106-3",31,7564526,0.4
,"North Dakota","38","2018","2018","Black or African American","2054-5",0,25620,Unreliable
,"North Dakota","38","2018","2018","White","2106-3",Suppressed,661549,Suppressed
,"North Dakota","38","2019","2019","Black or African American","2054-5",Suppressed,25984,Suppressed
,"North Dakota","38","2019","2019","White","2106-3",Suppressed,662555,Suppressed
,"North Dakota","38","2020","2020","Black or African American","2054-5",Suppressed,26634,Suppressed
,"North Dakota","38","2020","2020","White","2106-3",Suppressed,663899,Suppressed
,"North Dakota","38","2021","2021","Black or African American","2054-5",0,27157,Unreliable
,"North Dakota","38","2021","2021","White","2106-3",Suppressed,671664,Suppressed
,"North Dakota","38","2022","2022","Black or African American","2054-5",0,28128,Unreliable
,"North Dakota","38","2022","2022","White","2106-3",Suppressed,675085,Suppressed
,"North Dakota","38","2023 ","2023","Black or African American","2054-5",0,29447,Unreliable
,"North Dakota","38","2023 ","2023","White","2106-3",0,677695,Unreliable
,"Ohio","39","2018","2018","Black or African American","2054-5",19,1517999,Unreliable
,"Ohio","39","2018","2018","White","2106-3",59,9571522,0.6
,"Ohio","39","2019","2019","Black or African American","2054-5",31,1525570,2.0
,"Ohio","39","2019","2019","White","2106-3",74,9552736,0.8
,"Ohio","39","2020","2020","Black or African American","2054-5",15,1535995,Unreliable
,"Ohio","39","2020","2020","White","2106-3",31,9517953,0.3
,"Ohio","39","2021","2021","Black or African American","2054-5",27,1560246,1.7
,"Ohio","39","2021","2021","White","2106-3",47,9560342,0.5
,"Ohio","39","2022","2022","Black or African American","2054-5",16,1565976,Unreliable
,"Ohio","39","2022","2022","White","2106-3",39,9509945,0.4
,"Ohio","39","2023 ","2023","Black or African American","2054-5",12,1582177,Unreliable
,"Ohio","39","2023 ","2023","White","2106-3",22,9502944,0.2
,"Oklahoma","40","2018","2018","Black or African American","2054-5",Suppressed,306890,Suppressed
,"Oklahoma","40","2018","2018","White","2106-3",17,2924365,Unreliable
,"Oklahoma","40","2019","2019","Black or African American","2054-5",Suppressed,307819,Suppressed
,"Oklahoma","40","2019","2019","White","2106-3",13,2927354,Unreliable
,"Oklahoma","40","2020","2020","Black or African American","2054-5",Suppressed,310208,Suppressed
,"Oklahoma","40","2020","2020","White","2106-3",Suppressed,2925794,Suppressed
,"Oklahoma","40","2021","2021","Black or African American","2054-5",Suppressed,312869,Suppressed
,"Oklahoma","40","2021","2021","White","2106-3",12,2917360,Unreliable
,"Oklahoma","40","2022","2022","Black or African American","2054-5",Suppressed,318339,Suppressed
,"Oklahoma","40","2022","2022","White","2106-3",11,2936122,Unreliable
,"Oklahoma","40","2023 ","2023","Black or African American","2054-5",Suppressed,321327,Suppressed
,"Oklahoma","40","2023 ","2023","White","2106-3",Suppressed,2954232,Suppressed
,"Oregon","41","2018","2018","Black or African American","2054-5",0,92958,Unreliable
,"Oregon","41","2018","2018","White","2106-3",Suppressed,3635926,Suppressed
,"Oregon","41","2019","2019","Black or African American","2054-5",0,93740,Unreliable
,"Oregon","41","2019","2019","White","2106-3",10,3655136,Unreliable
,"Oregon","41","2020","2020","Black or African American","2054-5",Suppressed,94923,Suppressed
,"Oregon","41","2020","2020","White","2106-3",13,3664352,Unreliable
,"Oregon","41","2021","2021","Black or African American","2054-5",Suppressed,96520,Suppressed
,"Oregon","41","2021","2021","White","2106-3",14,3659596,Unreliable
,"Oregon","41","2022","2022","Black or African American","2054-5",Suppressed,99222,Suppressed
,"Oregon","41","2022","2022","White","2106-3",14,3640385,Unreliable
,"Oregon","41","2023 ","2023","Black or African American","2054-5",0,101360,Unreliable
,"Oregon","41","2023 ","2023","White","2106-3",Suppressed,3624265,Suppressed
,"Pennsylvania","42","2018","2018","Black or African American","2054-5",18,1531457,Unreliable
,"Pennsylvania","42","2018","2018","White","2106-3",43,10476085,0.4
,"Pennsylvania","42","2019","2019","Black or African American","2054-5",19,1540092,Unreliable
,"Pennsylvania","42","2019","2019","White","2106-3",56,10447062,0.5
,"Pennsylvania","42","2020","2020","Black or African American","2054-5",10,1551913,Unreliable
,"Pennsylvania","42","2020","2020","White","2106-3",14,10388566,Unreliable
,"Pennsylvania","42","2021","2021","Black or African American","2054-5",13,1586231,Unreliable
,"Pennsylvania","42","2021","2021","White","2106-3",30,10502382,0.3
,"Pennsylvania","42","2022","2022","Black or African American","2054-5",13,1582451,Unreliable
,"Pennsylvania","42","2022","2022","White","2106-3",32,10479634,0.3
,"Pennsylvania","42","2023 ","2023","Black or African American","2054-5",11,1588520,Unreliable
,"Pennsylvania","42","2023 ","2023","White","2106-3",20,10441408,0.2
,"Rhode Island","44","2018","2018","Black or African American","2054-5",0,88411,Unreliable
,"Rhode Island","44","2018","2018","White","2106-3",Suppressed,887259,Suppressed
,"Rhode Island","44","2019","2019","Black or African American","2054-5",0,90108,Unreliable
,"Rhode Island","44","2019","2019","White","2106-3",Suppressed,885518,Suppressed
,"Rhode Island","44","2020","2020","Black or African American","2054-5",0,91950,Unreliable
,"Rhode Island","44","2020","2020","White","2106-3",Suppressed,880551,Suppressed
,"Rhode Island","44","2021","2021","Black or African American","2054-5",0,96864,Unreliable
,"Rhode Island","44","2021","2021","White","2106-3",Suppressed,910242,Suppressed
,"Rhode Island","44","2022","2022","Black or African American","2054-5",Suppressed,99051,Suppressed
,"Rhode Island","44","2022","2022","White","2106-3",Suppressed,905102,Suppressed
,"Rhode Island","44","2023 ","2023","Black or African American","2054-5",0,101424,Unreliable
,"Rhode Island","44","2023 ","2023","White","2106-3",Suppressed,903228,Suppressed
,"South Carolina","45","2018","2018","Black or African American","2054-5",10,1380145,Unreliable
,"South Carolina","45","2018","2018","White","2106-3",15,3483455,Unreliable
,"South Carolina","45","2019","2019","Black or African American","2054-5",19,1388017,Unreliable
,"South Carolina","45","2019","2019","White","2106-3",17,3532048,Unreliable
,"South Carolina","45","2020","2020","Black or African American","2054-5",18,1398839,Unreliable
,"South Carolina","45","2020","2020","White","2106-3",12,3578889,Unreliable
,"South Carolina","45","2021","2021","Black or African American","2054-5",17,1383427,Unreliable
,"South Carolina","45","2021","2021","White","2106-3",20,3561602,0.6
,"South Carolina","45","2022","2022","Black or African American","2054-5",15,1386941,Unreliable
,"South Carolina","45","2022","2022","White","2106-3",Suppressed,3637779,Suppressed
,"South Carolina","45","2023 ","2023","Black or African American","2054-5",Suppressed,1394802,Suppressed
,"South Carolina","45","2023 ","2023","White","2106-3",Suppressed,3708583,Suppressed
,"South Dakota","46","2018","2018","Black or African American","2054-5",0,21000,Unreliable
,"South Dakota","46","2018","2018","White","2106-3",Suppressed,744733,Suppressed
,"South Dakota","46","2019","2019","Black or African American","2054-5",Suppressed,20332,Suppressed
,"South Dakota","46","2019","2019","White","2106-3",Suppressed,748070,Suppressed
,"South Dakota","46","2020","2020","Black or African American","2054-5",Suppressed,21455,Suppressed
,"South Dakota","46","2020","2020","White","2106-3",Suppressed,752682,Suppressed
,"South Dakota","46","2021","2021","Black or African American","2054-5",Suppressed,22058,Suppressed
,"South Dakota","46","2021","2021","White","2106-3",Suppressed,753542,Suppressed
,"South Dakota","46","2022","2022","Black or African American","2054-5",0,23377,Unreliable
,"South Dakota","46","2022","2022","White","2106-3",Suppressed,766469,Suppressed
,"South Dakota","46","2023 ","2023","Black or African American","2054-5",0,24076,Unreliable
,"South Dakota","46","2023 ","2023","White","2106-3",0,773858,Unreliable
,"Tennessee","47","2018","2018","Black or African American","2054-5",19,1155631,Unreliable
,"Tennessee","47","2018","2018","White","2106-3",26,5315272,0.5
,"Tennessee","47","2019","2019","Black or African American","2054-5",15,1164461,Unreliable
,"Tennessee","47","2019","2019","White","2106-3",26,5354405,0.5
,"Tennessee","47","2020","2020","Black or African American","2054-5",18,1172146,Unreliable
,"Tennessee","47","2020","2020","White","2106-3",32,5393461,0.6
,"Tennessee","47","2021","2021","Black or African American","2054-5",22,1184041,1.9
,"Tennessee","47","2021","2021","White","2106-3",40,5457887,0.7
,"Tennessee","47","2022","2022","Black or African American","2054-5",17,1180864,Unreliable
,"Tennessee","47","2022","2022","White","2106-3",29,5521401,0.5
,"Tennessee","47","2023 ","2023","Black or African American","2054-5",17,1177596,Unreliable
,"Tennessee","47","2023 ","2023","White","2106-3",21,5584730,0.4
,"Texas","48","2018","2018","Black or African American","2054-5",33,3673855,0.9
,"Texas","48","2018","2018","White","2106-3",109,22624867,0.5
,"Texas","48","2019","2019","Black or African American","2054-5",35,3739221,0.9
,"Texas","48","2019","2019","White","2106-3",101,22806130,0.4
,"Texas","48","2020","2020","Black or African American","2054-5",39,3844253,1.0
,"Texas","48","2020","2020","White","2106-3",107,22958002,0.5
,"Texas","48","2021","2021","Black or African American","2054-5",50,3894860,1.3
,"Texas","48","2021","2021","White","2106-3",155,23012250,0.7
,"Texas","48","2022","2022","Black or African American","2054-5",35,4020772,0.9
,"Texas","48","2022","2022","White","2106-3",115,23242116,0.5
,"Texas","48","2023 ","2023","Black or African American","2054-5",35,4157785,0.8
,"Texas","48","2023 ","2023","White","2106-3",84,23436057,0.4
,"Utah","49","2018","2018","Black or African American","2054-5",0,45700,Unreliable
,"Utah","49","2018","2018","White","2106-3",11,2865634,Unreliable
,"Utah","49","2019","2019","Black or African American","2054-5",Suppressed,47537,Suppressed
,"Utah","49","2019","2019","White","2106-3",16,2904132,Unreliable
,"Utah","49","2020","2020","Black or African American","2054-5",0,48513,Unreliable
,"Utah","49","2020","2020","White","2106-3",Suppressed,2938461,Suppressed
,"Utah","49","2021","2021","Black or African American","2054-5",Suppressed,50597,Suppressed
,"Utah","49","2021","2021","White","2106-3",13,3013038,Unreliable
,"Utah","49","2022","2022","Black or African American","2054-5",0,52777,Unreliable
,"Utah","49","2022","2022","White","2106-3",Suppressed,3043600,Suppressed
,"Utah","49","2023 ","2023","Black or African American","2054-5",Suppressed,55081,Suppressed
,"Utah","49","2023 ","2023","White","2106-3",Suppressed,3068788,Suppressed
,"Vermont","50","2018","2018","Black or African American","2054-5",0,8753,Unreliable
,"Vermont","50","2018","2018","White","2106-3",Suppressed,589986,Suppressed
,"Vermont","50","2019","2019","Black or African American","2054-5",0,8774,Unreliable
,"Vermont","50","2019","2019","White","2106-3",Suppressed,588102,Suppressed
,"Vermont","50","2020","2020","Black or African American","2054-5",0,8900,Unreliable
,"Vermont","50","2020","2020","White","2106-3",0,586496,Unreliable
,"Vermont","50","2021","2021","Black or African American","2054-5",0,9393,Unreliable
,"Vermont","50","2021","2021","White","2106-3",0,607082,Unreliable
,"Vermont","50","2022","2022","Black or African American","2054-5",0,9830,Unreliable
,"Vermont","50","2022","2022","White","2106-3",0,607189,Unreliable
,"Vermont","50","2023 ","2023","Black or African American","2054-5",0,10445,Unreliable
,"Vermont","50","2023 ","2023","White","2106-3",0,606164,Unreliable
,"Virginia","51","2018","2018","Black or African American","2054-5",10,1691267,Unreliable
,"Virginia","51","2018","2018","White","2106-3",26,5918670,0.4
,"Virginia","51","2019","2019","Black or African American","2054-5",21,1696911,1.2
,"Virginia","51","2019","2019","White","2106-3",31,5922648,0.5
,"Virginia","51","2020","2020","Black or African American","2054-5",13,1713129,Unreliable
,"Virginia","51","2020","2020","White","2106-3",31,5928117,0.5
,"Virginia","51","2021","2021","Black or African American","2054-5",24,1729436,1.4
,"Virginia","51","2021","2021","White","2106-3",35,5942209,0.6
,"Virginia","51","2022","2022","Black or African American","2054-5",25,1737910,1.4
,"Virginia","51","2022","2022","White","2106-3",31,5947332,0.5
,"Virginia","51","2023 ","2023","Black or African American","2054-5",11,1744373,Unreliable
,"Virginia","51","2023 ","2023","White","2106-3",18,5954674,Unreliable
,"Washington","53","2018","2018","Black or African American","2054-5",Suppressed,322826,Suppressed
,"Washington","53","2018","2018","White","2106-3",26,5944924,0.4
,"Washington","53","2019","2019","Black or African American","2054-5",Suppressed,331924,Suppressed
,"Washington","53","2019","2019","White","2106-3",27,5977696,0.5
,"Washington","53","2020","2020","Black or African American","2054-5",Suppressed,340660,Suppressed
,"Washington","53","2020","2020","White","2106-3",Suppressed,5992328,Suppressed
,"Washington","53","2021","2021","Black or African American","2054-5",Suppressed,348170,Suppressed
,"Washington","53","2021","2021","White","2106-3",15,5995925,Unreliable
,"Washington","53","2022","2022","Black or African American","2054-5",Suppressed,357430,Suppressed
,"Washington","53","2022","2022","White","2106-3",Suppressed,5982306,Suppressed
,"Washington","53","2023 ","2023","Black or African American","2054-5",Suppressed,364647,Suppressed
,"Washington","53","2023 ","2023","White","2106-3",15,5963225,Unreliable
,"West Virginia","54","2018","2018","Black or African American","2054-5",0,65231,Unreliable
,"West Virginia","54","2018","2018","White","2106-3",14,1687993,Unreliable
,"West Virginia","54","2019","2019","Black or African American","2054-5",Suppressed,64610,Suppressed
,"West Virginia","54","2019","2019","White","2106-3",12,1675122,Unreliable
,"West Virginia","54","2020","2020","Black or African American","2054-5",Suppressed,65244,Suppressed
,"West Virginia","54","2020","2020","White","2106-3",Suppressed,1665040,Suppressed
,"West Virginia","54","2021","2021","Black or African American","2054-5",Suppressed,66240,Suppressed
,"West Virginia","54","2021","2021","White","2106-3",Suppressed,1660372,Suppressed
,"West Virginia","54","2022","2022","Black or African American","2054-5",Suppressed,66210,Suppressed
,"West Virginia","54","2022","2022","White","2106-3",Suppressed,1648034,Suppressed
,"West Virginia","54","2023 ","2023","Black or African American","2054-5",0,67346,Unreliable
,"West Virginia","54","2023 ","2023","White","2106-3",Suppressed,1642905,Suppressed
,"Wisconsin","55","2018","2018","Black or African American","2054-5",Suppressed,389047,Suppressed
,"Wisconsin","55","2018","2018","White","2106-3",10,5063526,Unreliable
,"Wisconsin","55","2019","2019","Black or African American","2054-5",Suppressed,390543,Suppressed
,"Wisconsin","55","2019","2019","White","2106-3",18,5067781,Unreliable
,"Wisconsin","55","2020","2020","Black or African American","2054-5",Suppressed,393117,Suppressed
,"Wisconsin","55","2020","2020","White","2106-3",11,5058584,Unreliable
,"Wisconsin","55","2021","2021","Black or African American","2054-5",Suppressed,398693,Suppressed
,"Wisconsin","55","2021","2021","White","2106-3",11,5106775,Unreliable
,"Wisconsin","55","2022","2022","Black or African American","2054-5",Suppressed,390428,Suppressed
,"Wisconsin","55","2022","2022","White","2106-3",15,5103755,Unreliable
,"Wisconsin","55","2023 ","2023","Black or African American","2054-5",Suppressed,392333,Suppressed
,"Wisconsin","55","2023 ","2023","White","2106-3",12,5109837,Unreliable
,"Wyoming","56","2018","2018","Black or African American","2054-5",0,7557,Unreliable
,"Wyoming","56","2018","2018","White","2106-3",Suppressed,534943,Suppressed
,"Wyoming","56","2019","2019","Black or African American","2054-5",0,7467,Unreliable
,"Wyoming","56","2019","2019","White","2106-3",Suppressed,535371,Suppressed
,"Wyoming","56","2020","2020","Black or African American","2054-5",0,7083,Unreliable
,"Wyoming","56","2020","2020","White","2106-3",Suppressed,538519,Suppressed
,"Wyoming","56","2021","2021","Black or African American","2054-5",0,7087,Unreliable
,"Wyoming","56","2021","2021","White","2106-3",Suppressed,534669,Suppressed
,"Wyoming","56","2022","2022","Black or African American","2054-5",Suppressed,7162,Suppressed
,"Wyoming","56","2022","2022","White","2106-3",Suppressed,536573,Suppressed
,"Wyoming","56","2023 ","2023","Black or African American","2054-5",0,7048,Unreliable
,"Wyoming","56","2023 ","2023","White","2106-3",Suppressed,538988,Suppressed
"---"
"Dataset: Multiple Cause of Death, 2018-2023, Single Race"
"Query Parameters:"
"MCD - ICD-10 Codes: O00-O99 (Pregnancy, childbirth and the puerperium)"
"Single Race 6: Black or African American; White"
"Group By: State; Year; Single Race 6"
"Show Totals: Disabled"
"Show Zero Values: True"
"Show Suppressed: True"
"Calculate Rates Per: 100,000"
"Rate Options: Default intercensal populations for years 2001-2009 (except Infant Age Groups)"
"---"
"Help: See http://wonder.cdc.gov/wonder/help/mcd-expanded.html for more information."
"---"
"Query Date: Jan 31, 2026 1:54:16 AM"
"---"
"Suggested Citation: Centers for Disease Control and Prevention, National Center for Health Statistics. National Vital Statistics"
"System, Mortality 2018-2023 on CDC WONDER Online Database, released in 2024. Data are from the Multiple Cause of Death Files,"
"2018-2023, as compiled from data provided by the 57 vital statistics jurisdictions through the Vital Statistics Cooperative"
"Program. Accessed at http://wonder.cdc.gov/mcd-icd10-expanded.html on Jan 31, 2026 1:54:16 AM"
"---"
Messages:
"1. Totals are not available for these results due to suppression constraints. More Information:"
"http://wonder.cdc.gov/wonder/help/faq.html#Privacy."
"---"
Caveats:
"1. Data are Suppressed when the data meet the criteria for confidentiality constraints. More information:"
"http://wonder.cdc.gov/wonder/help/mcd-expanded.html#Assurance of Confidentiality."
"2. Death rates are flagged as Unreliable when the rate is calculated with a numerator of 20 or less. More information:"
"http://wonder.cdc.gov/wonder/help/mcd-expanded.html#Unreliable."
"3. The population figures for years 2023 are single-race estimates of the July 1 resident population, from the Vintage 2023"
"postcensal series released by the Census Bureau on June 27, 2024. The 2023 series is based on the Modified Blended Base produced"
"by the US Census Bureau in lieu of the April 1, 2020 decennial population count. The Modified Blended Base consists of the blend"
"of Vintage 2020 postcensal population estimates for April 1, 2020, 2020 Demographic Analysis Estimates, and 2020 Census data"
"from the internal Census Edited File (CEF). The population figures for years 2022 are single-race estimates of the July 1"
"resident population, from the Vintage 2022 postcensal series released by the Census Bureau on June 22, 2023. The 2022 series is"
"based on the Modified Blended Base produced by the US Census Bureau in lieu of the April 1, 2020 decennial population count. The"
"Modified Blended Base consists of the blend of Vintage 2020 postcensal population estimates for April 1, 2020, 2020 Demographic"
"Analysis Estimates, and 2020 Census data from the internal Census Edited File (CEF). The population figures for year 2021 are"
"single-race estimates of the July 1 resident population, based on the Blended Base produced by the US Census Bureau in lieu of"
"the April 1, 2020 decennial population count, from the Vintage 2021 postcensal series released by the Census Bureau on June 30,"
"2022. The population figures for year 2020 are single-race estimates of the July 1 resident population, from the Vintage 2020"
"postcensal series based on April 2010 Census, released by the Census Bureau on July 27, 2021. The population figures for year"
"2019 are single-race estimates of the July 1 resident population, from the Vintage 2019 postcensal series based on April 2010"
"Census, released by the Census Bureau on June 25, 2020. The population figures for year 2018 are single-race estimates of the"
"July 1 resident population, from the Vintage 2018 postcensal series based on April 2010 Census, released by the Census Bureau on"
"June 20, 2019. More information: http://wonder.cdc.gov/wonder/help/mcd-expanded.html#Population Data."
"4. The population figures used in the calculation of death rates for the age group 'under 1 year' are the estimates of the"
"resident population that is under one year of age. More information: http://wonder.cdc.gov/wonder/help/mcd-expanded.html#Age"
"Group."
"5. Beginning with the 2018 data, changes have been implemented that affect the counts for ICD-10 cause of death codes O00-O99"
"compared to previous practice. In addition, data for the cause of death codes O00-O99 for 2003 through 2017 reflect differences"
"in information available to individual states and probable errors. Caution should be used in interpreting these data. More"
"information can be found at: https://www.cdc.gov/nchs/maternal-mortality/."
"6. Connecticut population estimates for 2022 and later years are reported for 9 planning regions as county equivalent areas,"
"instead of the former 8 legacy counties in the Vintage 2022 postcensal series released by the Census Bureau on June 22, 2023,"
"and in the Vintage 2023 postcensal series released by the Census Bureau on June 27, 2024. Populations estimates for the former"
"counties are not available for 2022 and later years. More information:"
"http://wonder.cdc.gov/wonder/help/mcd-expanded.html#Connecticut-2022."
"7. After the creation of the final 2023 dataset, North Carolina updated the cause of death information for over 900 death"
"certificates to include a cause of death code indicating drug overdose (ICD-10 underlying cause-of-death codes: X40-X44,"
"X60-X64, X85, and Y10-Y14). Jurisdictions can continue to update death certificates after the closing of the mortality file. As"
"a result, users should consider that the actual death count for drug overdose deaths for North Carolina in 2023 is over 4,400"
"deaths, with a crude rate of approximately 41.0 per 100,000 population, and an age-adjusted rate of approximately 42.1 per"
"100,000 population. These deaths will not be updated on the final mortality datasets."